,id,name,location.city,location.lat,location.lng,category.id,category.name
0,4ade0d28f964a5201b6b21e3,Kieser Training,München,48.16110469481502,11.568546287343544,4bf58dd8d48988d175941735,Gym / Fitness Center
1,4b25f21af964a520ab7724e3,BS Sporthalle,München,48.180263048162736,11.536702338463117,4bf58dd8d48988d176941735,Gym
2,4b476e72f964a520d83126e3,körperLOUNGE,München,48.14697195177043,11.560949127921432,4bf58dd8d48988d175941735,Gym / Fitness Center
3,4b4a5253f964a520c98326e3,McFIT,München,48.10827190699198,11.580092750409676,4bf58dd8d48988d175941735,Gym / Fitness Center
4,4b4b6361f964a520c79926e3,Fitness First Black Label Club,München,48.13773057759035,11.57146006822586,4bf58dd8d48988d175941735,Gym / Fitness Center
5,4b57390ef964a520d72b28e3,McFIT,München,48.13925976318484,11.524564310748246,4bf58dd8d48988d175941735,Gym / Fitness Center
6,4b5ac7d0f964a52054d428e3,Fitness First Platinum Club,München,48.161360551049846,11.587861776351929,4bf58dd8d48988d175941735,Gym / Fitness Center
7,4b5c413ef964a520b82829e3,MTV München,München,48.12802503494533,11.559548495562712,4bf58dd8d48988d176941735,Gym
8,4b5c79a1f964a520993129e3,Stefan Sport Center,München,48.1217414603133,11.606446285226108,4bf58dd8d48988d176941735,Gym
9,4b63eb50f964a52016972ae3,McFIT,München,48.092385266119194,11.506932817237612,4bf58dd8d48988d175941735,Gym / Fitness Center
10,4b66ecb8f964a5208a302be3,Leo's Sports Club,München,48.155217464203986,11.583176842745006,4bf58dd8d48988d176941735,Gym
11,4b69ace8f964a520beac2be3,body + soul Center Trudering,München,48.12243724042513,11.662373344523186,4bf58dd8d48988d175941735,Gym / Fitness Center
12,4b6d951cf964a520017e2ce3,Fitness First Platinum Swim Club,München,48.1448533,11.49058,4bf58dd8d48988d175941735,Gym / Fitness Center
13,4b702899f964a52057092de3,A.J.'S Fitness,München,48.1787,11.49685,4bf58dd8d48988d175941735,Gym / Fitness Center
14,4b702917f964a52072092de3,Body Up,München,48.11627462165476,11.573013204563372,4bf58dd8d48988d176941735,Gym
15,4b702981f964a52083092de3,Body Up,München,48.11433518828865,11.517885686891088,4bf58dd8d48988d175941735,Gym / Fitness Center
16,4b711f63f964a5206b3a2de3,Kieser Training Haidhausen,München,48.135781677044136,11.608439884314775,4bf58dd8d48988d176941735,Gym
17,4b730162f964a52031952de3,Jumpers Fitness München-Haar,Haar,48.1102967206809,11.715760231018066,4bf58dd8d48988d176941735,Gym
18,4b73e2b9f964a520debe2de3,summertime bodycare studio,München,48.134468,11.577185,4bf58dd8d48988d175941735,Gym / Fitness Center
19,4b790c9bf964a5200eea2ee3,PSV München,München,48.169748254233774,11.508008008693295,4bf58dd8d48988d176941735,Gym
20,4b7a724cf964a5201e2d2fe3,Fit Star,München,48.09943353782486,11.646138691787655,4bf58dd8d48988d175941735,Gym / Fitness Center
21,4b86e6d7f964a520d8a431e3,Kieser Training,München,48.096425658506405,11.525637696778848,4bf58dd8d48988d176941735,Gym
22,4b87b3a1f964a520ccc731e3,Body Up Diva,München,48.14136872453279,11.55988823821185,4bf58dd8d48988d176941735,Gym
23,4b8aa792f964a520d27732e3,Fitnessclub Sports & Health,München,48.12253150469941,11.544660068910659,4bf58dd8d48988d176941735,Gym
24,4b8be610f964a52040b132e3,body + soul Center Englischer Garten,München,48.178579914927234,11.602382089269007,4bf58dd8d48988d175941735,Gym / Fitness Center
25,4b8cbab1f964a520a9db32e3,Body Up Diva,München,48.128338313032124,11.603043123059503,4bf58dd8d48988d176941735,Gym
26,4b8d4246f964a5206df032e3,Fit-Star,München,48.095400537081126,11.52369590833926,4bf58dd8d48988d175941735,Gym / Fitness Center
27,4b913996f964a52062ab33e3,Kieser Training,München,48.111105547072356,11.576785676113161,4bf58dd8d48988d176941735,Gym
28,4b9fcc3ef964a520a53f37e3,SPORTS4You,München,48.101890803942254,11.528097287946624,4bf58dd8d48988d175941735,Gym / Fitness Center
29,4ba3afbcf964a520615438e3,Sportzentrum Martinsried,Planegg,48.11435228605052,11.451498489896727,4bf58dd8d48988d175941735,Gym / Fitness Center
30,4ba5f769f964a520c52b39e3,Sporthalle Berufsschule,München,48.17900576841674,11.53097042437368,4bf58dd8d48988d176941735,Gym
31,4bae3384f964a52068913be3,Bergson-Halle,München,48.163175,11.433538,4bf58dd8d48988d175941735,Gym / Fitness Center
32,4baf7c4af964a520c8033ce3,Health Loft R&S,München,48.126886027043604,11.61062142840216,4bf58dd8d48988d175941735,Gym / Fitness Center
33,4bbcc72a4e069c7434e59de3,Halle ESV Neuaubing,,48.139751158752894,11.417454955182299,4bf58dd8d48988d175941735,Gym / Fitness Center
34,4bbe03cf8a4fb71321b03d9d,Fitness First Platinum Swim Club,München,48.136406891438355,11.614136695861816,4bf58dd8d48988d175941735,Gym / Fitness Center
35,4bcdbd91b6c49c74b5ce9591,Turnhalle (Wittelsbacher Gymnasium),München,48.14531147295616,11.547589659012027,4bf58dd8d48988d176941735,Gym
36,4bd34cf59854d13a2a70fd4d,Medithera,München,48.12098453584468,11.544658548589325,4bf58dd8d48988d176941735,Gym
37,4bd44e46a8b3a59392836b5f,Sportforum Allach,München,48.18601066330016,11.46842249154114,4bf58dd8d48988d176941735,Gym
38,4bdd4b17d33f2d7f5fb08a3c,Munich Gym,München,48.15962191716294,11.556735273044774,4bf58dd8d48988d175941735,Gym / Fitness Center
39,4be04ac54f15c92899a0ca0b,M-Fitnesscenter Nordbad,München,48.16026022587184,11.563560962677002,4bf58dd8d48988d175941735,Gym / Fitness Center
40,4be11e2ac1732d7f34515b9a,Reha Neuhausen,München,48.152611790890546,11.535077223565267,4bf58dd8d48988d176941735,Gym
41,4be56b2f910020a13fe8d214,Diadora DB5e,München,48.151146,11.564319,4bf58dd8d48988d175941735,Gym / Fitness Center
42,4be57973910020a111fad214,Bezirkssportanlage Trudering,München,48.115557,11.667095,4bf58dd8d48988d175941735,Gym / Fitness Center
43,4be6d164910020a1a2a2d414,Fitness Company - Schwabing,München,48.16156132268575,11.587658261490732,4bf58dd8d48988d175941735,Gym / Fitness Center
44,4bf7adcf8d30d13aa461ff17,Lindebergs,München,48.14341461906383,11.604555462687514,4bf58dd8d48988d175941735,Gym / Fitness Center
45,4bfa5314b182c9b6c9207a5a,EasyFitness Karlsfeld,Karlsfeld,48.220720935002575,11.475355702880337,4bf58dd8d48988d175941735,Gym / Fitness Center
46,4bfc3139b5cd2d7f5a3631fb,SV Neuperlach eV Sportcenter,München,48.1076212802398,11.635006878390039,4bf58dd8d48988d176941735,Gym
47,4bfc39dbb5cd2d7f0a4231fb,BAL91,München,48.13012163872678,11.62181442204628,4bf58dd8d48988d176941735,Gym
48,4c0bcf47db369c74d1d991ea,Physiotherapie am Sendlinger Tor,München,48.13347658042481,11.565373890601855,4bf58dd8d48988d175941735,Gym / Fitness Center
49,4c132cb7a9c220a1906d559d,Seidon Fitness Westkreuz,München,48.149719957830776,11.435702683149161,4bf58dd8d48988d176941735,Gym
50,4c1e00fa624b9c741d0a1304,Quick Fit Unterföhring,München,48.17834679103936,11.635620858262094,4bf58dd8d48988d176941735,Gym
51,4c2cbc42d1a10f47c5e3f964,Tennisplatz Forstenrieder Park,München,48.07784956312408,11.488802433013916,4bf58dd8d48988d175941735,Gym / Fitness Center
52,4c30762f452620a1ee241f0f,Sports4you! Fitness&Squash,München,48.090111536072456,11.503261354822907,4bf58dd8d48988d175941735,Gym / Fitness Center
53,4c3c8a63b36ac928eb340486,Fitness Studio Arabellapark,München,48.15058629150887,11.620375559439953,4bf58dd8d48988d175941735,Gym / Fitness Center
54,4c3ca050980320a154ed8ae4,Fitness Forum,München,48.143621288686724,11.498753314686343,4bf58dd8d48988d175941735,Gym / Fitness Center
55,4c3ff4263735be9a423b16a4,Krankengymnastik Van Haren,München,48.116416,11.52673,4bf58dd8d48988d175941735,Gym / Fitness Center
56,4c45ee9537f6d13a90a46196,Kowalskis Gyminator Gym Franchise,München,48.176841,11.57949,4bf58dd8d48988d176941735,Gym
57,4c4749ef0f5aa593a4697d76,Sporthalle Gebeleschule,München,48.151018,11.611514,4bf58dd8d48988d176941735,Gym
58,4c4dbdf29efabe9ac8850169,TGM Kanu-Club München,München,48.100016,11.547762,4bf58dd8d48988d175941735,Gym / Fitness Center
59,4c4ece1bdb2c20a1f493fd74,Locker Room @ Bayern Munich,München,48.21875328567062,11.624553399727176,4bf58dd8d48988d176941735,Gym
60,4c504efa1886c9b6cbaa7c28,Miss Fitness,München,48.13477737565857,11.58499057627227,4bf58dd8d48988d175941735,Gym / Fitness Center
61,4c51a33e9426c928be991a74,Sporthalle - Arnulfstraße 270,München,48.15225999668448,11.516627308784583,4bf58dd8d48988d176941735,Gym
62,4c56bcc5738e9c74e8276d21,lady sportiv,München,48.12297037025286,11.54120587531081,4bf58dd8d48988d176941735,Gym
63,4c593d80d3aee21ea8ab6755,Medical Center,München,48.14735233783722,11.629495024681091,4bf58dd8d48988d175941735,Gym / Fitness Center
64,4c5a852d67ac0f4717df064c,Injoy Fitness,München,48.135056467161505,11.519015537486139,4bf58dd8d48988d176941735,Gym
65,4c612c2c924b76b0630dfab9,"Power Plate Center ""Body & Mind Concept GmbH""",München,48.133862377444984,11.580688738596683,4bf58dd8d48988d176941735,Gym
66,4c61980fedd320a1edeaaa29,SoulPlus,München,48.11148319,11.57126796,4bf58dd8d48988d175941735,Gym / Fitness Center
67,4c69822a8d22c9288c6cb745,Munich Health Club,München,48.132209602854466,11.56595710528423,4bf58dd8d48988d175941735,Gym / Fitness Center
68,4c8676f751ada1cd766f4010,body + soul Center Sendling,München,48.091710117464174,11.507296747692234,4bf58dd8d48988d175941735,Gym / Fitness Center
69,4c8a70289ef0224bdce55a7b,Crosstrainer @ S&H,München,48.12251487052857,11.54474758026217,4bf58dd8d48988d176941735,Gym
70,4c8f5490d2aea093e452d569,ERGO gym,München,48.102872,11.645788,4bf58dd8d48988d175941735,Gym / Fitness Center
71,4c935730911b8cfaf9b5f4b5,Vitalite,München,48.15171,11.579105,4bf58dd8d48988d175941735,Gym / Fitness Center
72,4c98f4ae2778224b3baaa868,Fitness First Women Club,München,48.146988619853516,11.453602864144521,4bf58dd8d48988d175941735,Gym / Fitness Center
73,4c9dff23d3c2b60c7f6bc6bc,Fit-Star,München,48.09951776713819,11.645018994168993,4bf58dd8d48988d175941735,Gym / Fitness Center
74,4ca0b07e54c8a1cde2b8a14b,Praxis für Physiotherapie und Osteopathie Cecilia B. Klima,München,48.136099,11.578769,4bf58dd8d48988d176941735,Gym
75,4ca1d72603133704846086d5,Bodystreet,München,48.126418293575114,11.64148599332131,4bf58dd8d48988d175941735,Gym / Fitness Center
76,4ca21afce44d6dcbe00e0475,Mednord fitnessfloor,München,48.201766131892334,11.587297043344805,4bf58dd8d48988d175941735,Gym / Fitness Center
77,4ca6ccb0a6e08cfa6ba37e94,Sporthalle Ungsteinerstraße,München,48.1116296053623,11.596859568762087,4bf58dd8d48988d176941735,Gym
78,4cad8ac40c1e6dcbdb3f76bf,Body Street Schwabing,München,48.162958553790176,11.584400466516652,4bf58dd8d48988d176941735,Gym
79,4cb04e841168a093285d2923,Sporthalle Adalbert-Stifter-Platz,Gräfefing,48.12603897626948,11.432609404071062,4bf58dd8d48988d176941735,Gym
80,4cb4642507bab713645f50cc,Move On Westend,München,48.133390270568135,11.540741317515874,4bf58dd8d48988d175941735,Gym / Fitness Center
81,4cb97476f50e224bda9cedfb,3D Personal Training,München,48.147382,11.594738960266113,4bf58dd8d48988d175941735,Gym / Fitness Center
82,4cbc73834c60a093278551ca,Boulderraum DAV,Haar,48.108881884125715,11.730029582977295,4bf58dd8d48988d175941735,Gym / Fitness Center
83,4cbc74bcf50e224b024efffb,Therasport,München,48.147358929066286,11.558363156309207,4bf58dd8d48988d175941735,Gym / Fitness Center
84,4cc5c3a0b2beb1f7e0ab244c,Steko´s Sportcenter,München,48.0923603,11.50374639,4bf58dd8d48988d175941735,Gym / Fitness Center
85,4cc70004806246881427452f,Medical Fitness Center,München,48.16259979292665,11.543203698292734,4bf58dd8d48988d175941735,Gym / Fitness Center
86,4ce282ce69136dcb23b0efe6,SWM Sportanlage,München,48.1013773570935,11.605227867496836,4bf58dd8d48988d175941735,Gym / Fitness Center
87,4cee9ec77b943704f1752e53,clever fit,München,48.13407029399567,11.526423262532456,4bf58dd8d48988d176941735,Gym
88,4cee9f98d29b2d434ef4edbb,M-Fitnesscenter,München,48.161227542263504,11.530124053983457,4bf58dd8d48988d176941735,Gym
89,4cf3e1938333224b96fa178e,Vitaparc,Gröbenzell,48.18827603300885,11.383560283367776,4bf58dd8d48988d175941735,Gym / Fitness Center
90,4cfe8810d8468cfa699c066c,Sporthalle,München,48.094288457464145,11.597070054573548,4bf58dd8d48988d176941735,Gym
91,4d04c127dc45a0937ae6ebc6,Sporthalle Säbener Str.,München,48.10274839455008,11.573193014535509,4bf58dd8d48988d176941735,Gym
92,4d0736e6e350b60c224d9142,Kieser Training,München,48.14959303205559,11.520673777083957,4bf58dd8d48988d175941735,Gym / Fitness Center
93,4d1cd81ac17ff04d3e26ca41,Therapie- und Trainingszentrum München Harlaching,München,48.10357842023779,11.568076735645066,4bf58dd8d48988d175941735,Gym / Fitness Center
94,4d25a8c43bea8eec71c9e373,STEP UP,München,48.130515731667344,11.604237262016696,4bf58dd8d48988d175941735,Gym / Fitness Center
95,4d26f38df7a9224b2191e69f,MTMT Gym,München,48.1691518298016,11.59741263195873,4bf58dd8d48988d176941735,Gym
96,4d33141c5c2db60c3deec76c,Body Factory,München,48.103957,11.530956,4bf58dd8d48988d176941735,Gym
97,4d33e459f8c9224b9e85bed2,Atos Reha,München,48.154478,11.616368,4bf58dd8d48988d175941735,Gym / Fitness Center
98,4d372bbbc47db1f75068eda5,Sporthalle Guardinischule,München,48.11837756058742,11.49200870688706,4bf58dd8d48988d176941735,Gym
99,4d3ab064039eb60c59d0ed9c,Backup 1,München,48.19367370862425,11.565880554884469,4bf58dd8d48988d176941735,Gym
100,4d3af45149cb236a8f23bf47,SportScheck Fitness,München,48.180833898330654,11.630370141948434,4bf58dd8d48988d176941735,Gym
101,4d45821114aa8cfa7efd723d,Sporthalle am Marsplatz,München,48.146463,11.546419,4bf58dd8d48988d176941735,Gym
102,4d482b70753aa09378f5cce0,Bodystreet,München,48.145892332051936,11.558874597013226,4bf58dd8d48988d175941735,Gym / Fitness Center
103,4d4847df0bfd5481fedb3b00,Pröll Physio,München,48.154709,11.581416,4bf58dd8d48988d175941735,Gym / Fitness Center
104,4d502bced7eaa14322fe640f,EISENPALAST,Ismaning,48.20890882043921,11.658651335454088,4bf58dd8d48988d176941735,Gym
105,4d5672e2e7f1a1cd549506a5,Sporthalle Tagesheimschulen Pullach,Pullach im Isartal,48.05963923358193,11.511697769165039,4bf58dd8d48988d176941735,Gym
106,4d5a3ec435966dcb0c755e28,Andrea Waldburger Praxis für Physiotherapie,München,48.129982,11.557797,4bf58dd8d48988d175941735,Gym / Fitness Center
107,4d610eb1865a224b9c98b285,Die Praxisgemeinschaft für Physiotherapie und Naturheilkunde,München,48.136298,11.568555,4bf58dd8d48988d175941735,Gym / Fitness Center
108,4d67e45a052ea1cdadec9f49,WestinWORKOUT,München,48.15220522700228,11.616298356203941,4bf58dd8d48988d175941735,Gym / Fitness Center
109,4d69458bb6f46dcb2ef11fb2,Squash Center,Germering,48.1321943261656,11.376460306050182,4bf58dd8d48988d175941735,Gym / Fitness Center
110,4d6d1b7cd5d937041da9cbf9,Ecos Reha Theraphie- und Trainingszentrum,München,48.15020461326153,11.620499012624103,4bf58dd8d48988d175941735,Gym / Fitness Center
111,4d6fd5a1359937048a37149d,Asporta Fitness & Health Club,Planegg,48.10963475121748,11.449276597024204,4bf58dd8d48988d176941735,Gym
112,4d7a31c270de5481a8d9c699,TS Jahn Sportverein,München,48.14492444451652,11.627701619440774,4bf58dd8d48988d176941735,Gym
113,4d7b47da136bf04d9732498d,EMS Fitnessstudio fitbox München Pasing,München,48.14692,11.4556799,4bf58dd8d48988d175941735,Gym / Fitness Center
114,4d7baf3a7498a1cdf0cf6efc,Sporthalle Gaisacher Strasse,München,48.11466194872237,11.548895232865224,4bf58dd8d48988d176941735,Gym
115,4d80a607551ea1cd1cb41dc5,Fit-Star,München,48.15120580319229,11.557848486698067,4bf58dd8d48988d175941735,Gym / Fitness Center
116,4d83b4f28de9721ef2fd2151,Lifestyle Fitness,München,48.09206101546014,11.631733546248897,4bf58dd8d48988d175941735,Gym / Fitness Center
117,4d85fee402eb548126994ef5,Sporthalle Gerastrasse,München,48.19270811581168,11.520262218688192,4bf58dd8d48988d176941735,Gym
118,4d861384f974cbff27eb01ac,Fitmax,Germering,48.13668320307608,11.372260225626588,4bf58dd8d48988d176941735,Gym
119,4d88ce6b26a36ea8a82cd3ad,Munich Health,München,48.129194,11.561519,4bf58dd8d48988d176941735,Gym
120,4d95e2cb2bd6f04df7892850,MTV 1879 e.V. Sportpark,München,48.108477143910605,11.507332695203731,4bf58dd8d48988d175941735,Gym / Fitness Center
121,4d96061697d06ea885e5f80a,ESV Freimann,München,48.19275510395519,11.611068979060281,4bf58dd8d48988d175941735,Gym / Fitness Center
122,4d973114a2c6548163f1d153,Stekos Kampfsportzentrum (Studio Nord),München,48.187849467565336,11.582180966125877,4bf58dd8d48988d176941735,Gym
123,4d9ac545674ca143a6e9c243,Höhentraining München,München,48.166394,11.58962,4bf58dd8d48988d176941735,Gym
124,4da715e9fa8ca99428556180,PSV 2000 München,München,48.11936856666667,11.608166466666667,4bf58dd8d48988d175941735,Gym / Fitness Center
125,4dabd8e04df01c19b1a855c8,FIT STAR Fitnessstudio München-Pasing,München,48.14994147601866,11.459105014801025,4bf58dd8d48988d175941735,Gym / Fitness Center
126,4db0ee1643a1bea42bc1b7ea,Fitness Room,München,48.139208627499855,11.55792501993408,4bf58dd8d48988d175941735,Gym / Fitness Center
127,4db6986f93a017099e02cb57,Bodystreet Bogenhausen,München,48.151534,11.611238,4bf58dd8d48988d176941735,Gym
128,4dc11c0145dd472e9b6f68c3,Physiotherapie Junker & Partner,München,48.1516811168643,11.617528958803701,4bf58dd8d48988d176941735,Gym
129,4dc54aced164eb9c9fea4fd1,Sports & City,München,48.1298,11.558337,4bf58dd8d48988d176941735,Gym
130,4dcabecf6365d29f6bc75280,Turnhalle Anne-Frank-Realschule,München,48.138971893905946,11.459555625915527,4bf58dd8d48988d176941735,Gym
131,4dcad263887769ff3d582737,Sporthalle In der Staatlichen Fachoberschule,München,48.132741524998906,11.567774798530474,4bf58dd8d48988d176941735,Gym
132,4dccdec97d8b975f18a7ac5c,Fitness Lounge,München,48.088658913979216,11.560177589817364,4bf58dd8d48988d176941735,Gym
133,4dcda50f1f6eb1227066aaeb,PhysioFitness,München,48.08952730416669,11.64454074496746,4bf58dd8d48988d175941735,Gym / Fitness Center
134,4dcfa511d164679b8d1dd6f4,Backup 2,München,48.17743139520256,11.55674651493304,4bf58dd8d48988d175941735,Gym / Fitness Center
135,4dd18e028877261f70e865dc,Innings Sport & Spa,München,48.13013619101644,11.59159170423938,4bf58dd8d48988d176941735,Gym
136,4dd2d285e4cd1b19130aafac,Lp Fitness,München,48.133548429757354,11.544937367030762,4bf58dd8d48988d175941735,Gym / Fitness Center
137,4dd4c6608877e2b7c5e15785,Fit & Fun,München,48.16688,11.643483,4bf58dd8d48988d176941735,Gym
138,4dd53b738877e2b7c5eb99d5,EMS Fitness München,München,48.13901596111098,11.561100941347942,4bf58dd8d48988d176941735,Gym
139,4dde8dce1f6e0369474666df,BodyStreet,München,48.12753505407556,11.557052787187478,4bf58dd8d48988d176941735,Gym
140,4de0b7d9ae605835c45a5d15,IFAA Convention München,Unterföhring,48.18143,11.629521,4bf58dd8d48988d175941735,Gym / Fitness Center
141,4de660acb0fb5cbf0eaf6539,Body Street Arnulfpark,München,48.14549136369778,11.540278395718836,4bf58dd8d48988d176941735,Gym
142,4de692d1d4c0294e3af8e592,Team München,München,48.13378787715772,11.580382667498354,4bf58dd8d48988d175941735,Gym / Fitness Center
143,4decb42752b11677f0736f02,Cbc,München,48.13000662598536,11.570385386282439,4bf58dd8d48988d175941735,Gym / Fitness Center
144,4df77c9c7d8b5f396ac62f38,Bodystreet,München,48.130518272176786,11.567374525483405,4bf58dd8d48988d175941735,Gym / Fitness Center
145,4e0af62f6284a62b5bbcb1a9,Ars Movendi,München,48.16383572263049,11.56096415630902,4bf58dd8d48988d176941735,Gym
146,4e0deba518a8bf9784c75008,Bodystreet Obermenzing,München,48.164376659053985,11.477682267401766,4bf58dd8d48988d175941735,Gym / Fitness Center
147,4e12040ca809291902bbc6bb,Shaolin Quan Kampfkunstschule,München,48.15056504827524,11.56316866800773,4bf58dd8d48988d176941735,Gym
148,4e155808091a21120630f279,CBC Colosseum Body Care,München,48.13062440582979,11.571616912994468,4bf58dd8d48988d175941735,Gym / Fitness Center
149,4e1d6d04b0fb93d2d061f9c3,Outside First,München,48.090402,11.569216,4bf58dd8d48988d175941735,Gym / Fitness Center
150,4e1f2c36d16488cf82fdbff9,Turnhalle (Michaeli-Gymnasium),München,48.122099,11.636302,4bf58dd8d48988d176941735,Gym
151,4e3447d9a8092599edf82e5a,98 Steps,München,48.12809584605517,11.570257274563374,4bf58dd8d48988d176941735,Gym
152,4e3ce64f62e19d6109679ea9,Paula bewegt,München,48.12085077795266,11.586139398883706,4bf58dd8d48988d176941735,Gym
153,4e48f5507d8b91a065aeeb9b,SporTraum,München,48.11436371018906,11.578656439967451,4bf58dd8d48988d176941735,Gym
154,4e4f671e62844166698e0894,Injoy Lady,München,48.09545750696666,11.52760727423415,4bf58dd8d48988d176941735,Gym
155,4e64ff06483bd9a975699109,Nautilus Fitness,München,48.108559364125014,11.604447660488923,4bf58dd8d48988d176941735,Gym
156,4e65b77faeb73603164f73ea,FitnessLounge Harlaching,München,48.095052014577185,11.573885106510227,4bf58dd8d48988d176941735,Gym
157,4e6a56a045ddadf2d06d5a83,phi - Pro Health Institute,München,48.182574020536386,11.594166520058703,4bf58dd8d48988d175941735,Gym / Fitness Center
158,4e6f9813b61c9ee80aca0388,Yogaschule,München,48.121525,11.541074,4bf58dd8d48988d175941735,Gym / Fitness Center
159,4e70e3ced4c03fcb6588dfc3,Ercan's Body Gym,München,48.121381361035056,11.557570630706216,4bf58dd8d48988d176941735,Gym
160,4e8db52482319c780c61065c,Body Up,Ottobrunn,48.07168841642865,11.653001800791614,4bf58dd8d48988d176941735,Gym
161,4e9c651ae5fa3f633defe469,Fischer-von-Erlach Sporthalle,München,48.140010408306566,11.480526714077964,4bf58dd8d48988d176941735,Gym
162,4eb246e82c5b5915cddc8aea,Fitness-studio,München,48.126512,11.670645,4bf58dd8d48988d176941735,Gym
163,4eb2e0054690370e0cb68933,Neuperlach Sporthalle,München,48.093625,11.641485,4bf58dd8d48988d176941735,Gym
164,4ec68008754a92231fb63dd2,tanzraum_10,München,48.175587508240994,11.560900211334229,4bf58dd8d48988d175941735,Gym / Fitness Center
165,4ecb704c469068520bec0ad3,Krajak Therapie & Training,München,48.143372514905494,11.572179944599688,4bf58dd8d48988d176941735,Gym
166,4ece82e79a52262b809331ac,Droste Hülshoff Sporthalle,München,48.12827312198466,11.508198574240886,4bf58dd8d48988d176941735,Gym
167,4ed9ebd10e011b46edd01836,Cardio-Training (für ganz harte Sport-Tiere),München,48.14069597127718,11.559728978432792,4bf58dd8d48988d176941735,Gym
168,4eece82ab8f76a24a4882e8f,CrossFit Munich Downtown,München,48.12220045702508,11.60849544892004,4bf58dd8d48988d175941735,Gym / Fitness Center
169,4ef4f08c722e31c6482bfe69,Sporthalle Artur-Kutscher Realschule,München,48.18448541965944,11.520421816412119,4bf58dd8d48988d176941735,Gym
170,4efadd94b63446a50bc0db1e,e-motion Fitness,München,48.14818714406315,11.552670130539017,4bf58dd8d48988d176941735,Gym
171,4f05a125490134608296c9e2,e-motion Fitness II,München,48.11958490514357,11.600774219998268,4bf58dd8d48988d176941735,Gym
172,4f0b093de4b0803b6b6b365d,Schwabinger Reha Sport,München,48.178660416215585,11.603794825347416,4bf58dd8d48988d176941735,Gym
173,4f0b41c3e4b0e8ed3a652452,clever fit Fitnessstudio München-Ost,München,48.14951006947232,11.683224258905774,4bf58dd8d48988d176941735,Gym
174,4f1050dce4b09e81d76e137d,Carpe Diem Cosmetics,München,48.074065,11.521268,4bf58dd8d48988d176941735,Gym
175,4f11736ce4b019e991210d76,Jörg's Gym,München,48.15155210358266,11.57825388867013,4bf58dd8d48988d176941735,Gym
176,4f143684e4b000502ec7e6c7,clever fit Fitnessstudio München-Nord,München,48.192112193036714,11.590554375983247,4bf58dd8d48988d176941735,Gym
177,4f1af4eee4b0889e04c4a358,Priveé Sportsclub,München,48.14983075675717,11.610125146903913,4bf58dd8d48988d176941735,Gym
178,4f1eca70e4b0f213934007f4,motion sports Fitness,,48.18668067536101,11.387486726459278,4bf58dd8d48988d176941735,Gym
179,4f22e560e4b0e12080052fa3,Body Street,München,48.150582198527644,11.56338753301351,4bf58dd8d48988d176941735,Gym
180,4f26df75e4b0717a6ad6c77f,LP Training & Therapie,München,48.12737051074618,11.596550911481122,4bf58dd8d48988d176941735,Gym
181,4f2c359ee4b09e391d855f29,Hell's Kitchen,München,48.13789749145508,11.516759872436523,4bf58dd8d48988d176941735,Gym
182,4f2d1b4be4b094acc4540a78,Shape2Style,München,48.13300073572715,11.53390009632258,4bf58dd8d48988d176941735,Gym
183,4f314981121d33e09977d830,Campeon Fitness Center,Neubiberg,48.079723881705846,11.612779367303691,4bf58dd8d48988d176941735,Gym
184,4f40079fe4b0e5bc11e033ab,Sheraton Gym,München,48.15127948679548,11.618384049938754,4bf58dd8d48988d175941735,Gym / Fitness Center
185,4f46a03ae4b0e13227c3c599,Studio B15,München,48.139522762592065,11.56214330179285,4bf58dd8d48988d176941735,Gym
186,4f4d384ae4b04c96fa5b4ea6,Studio2,München,48.17578783454306,11.537704467773438,4bf58dd8d48988d175941735,Gym / Fitness Center
187,4f4fa91ce4b0cc5f14cda9ed,Next Top Body,München,48.108612366814064,11.71319596484709,4bf58dd8d48988d176941735,Gym
188,4f5ce266e4b0a4baa3d03c3f,Dance & Fight Sportclub,München,48.123748779296875,11.607613563537598,4bf58dd8d48988d176941735,Gym
189,4f5e6aede4b01989c4151d86,PrivateGym@Engasserbogen,München,48.146688,11.511619,4bf58dd8d48988d176941735,Gym
190,4f60e19be4b0a0bd37d7b026,Mrs. Sporty,München,48.13143539428711,11.562798500061035,4bf58dd8d48988d176941735,Gym
191,4f79ce1ae4b0948938a2c4e7,Kieser Training,München,48.123616346723246,11.671114097646548,4bf58dd8d48988d176941735,Gym
192,4f79d02ee4b0cd1b3480f60e,Kieser Training,München,48.18864110507911,11.587997089211276,4bf58dd8d48988d176941735,Gym
193,4f8037d7e4b0bc1416c79795,Bodystreet,München,48.118726308362355,11.548341886633274,4bf58dd8d48988d176941735,Gym
194,4f8a9da8e4b013a98192d97f,Terry's Original House of Pain,München,48.14622394487277,11.582713774149129,4bf58dd8d48988d176941735,Gym
195,4f9427d5e4b01143d2a31e93,Bodystreet Feldmoching,München,48.21387289039413,11.539500381276524,4bf58dd8d48988d176941735,Gym
196,4faa12fee4b0f8dd983a1a4e,bailine München Sabine Heijman - Your Health Coach,München,48.137915334651346,11.58442183831845,4bf58dd8d48988d176941735,Gym
197,4faa94d7e4b04c40ca6513e6,Mrs. Sporty,,48.07605749374332,11.663639545440674,4bf58dd8d48988d176941735,Gym
198,4fb2804ce4b010d66ecd7138,Mrs Sporty,München,48.113104787224046,11.549527645111084,4bf58dd8d48988d176941735,Gym
199,4fbe3adae4b0c7c8fc27aa14,Terry's New House of Pain,München,48.164041091520055,11.585179560509324,4bf58dd8d48988d176941735,Gym
200,4fcc83c8e4b09d0295af7508,Coachyfy,München,48.14152143812072,11.61523202573635,4bf58dd8d48988d175941735,Gym / Fitness Center
201,4fd5148ae4b01a812378bda6,Rothof Sport,München,48.14847368320958,11.625619732431035,4bf58dd8d48988d176941735,Gym
202,4fdc40aee4b057598af7280e,Speedfitness,München,48.10695440860985,11.537204763345278,4bf58dd8d48988d175941735,Gym / Fitness Center
203,4fe0c508e4b0e8a928588247,Sheraton Fitness,München,48.1334340718658,11.532913400959469,4bf58dd8d48988d176941735,Gym
204,4fed9f4de4b0eb75847f9285,Bodystreet,München,48.163126872588805,11.58442061520088,4bf58dd8d48988d175941735,Gym / Fitness Center
205,4ff741cbe4b009b18f26ec75,Gym on Zieblandstr.,München,48.15360015994799,11.567192509696122,4bf58dd8d48988d176941735,Gym
206,4ff8a759e4b0c98ddd706f82,Pestalozzistr 1,München,48.13259915905808,11.568036800881355,4bf58dd8d48988d176941735,Gym
207,4ffd7794e4b0cb44d9752abb,Tomek Sports,München,48.14687773222432,11.59458107790914,4bf58dd8d48988d176941735,Gym
208,50009c4be4b034c2932f450d,Zumba-Studio Micka und Alesso,München,48.143639,11.543218,4bf58dd8d48988d176941735,Gym
209,50047d20e4b0524583162d40,Citadines Gym,München,48.1448335569832,11.541937585863883,4bf58dd8d48988d176941735,Gym
210,50055bbee4b0f0192af520ed,Telefonica Fitness Studio,München,48.17603193727822,11.537085996672626,4bf58dd8d48988d176941735,Gym
211,5009250ae4b034274e5801e6,Balance - Wellness for Women,München,48.151360900929895,11.547060566258267,4bf58dd8d48988d175941735,Gym / Fitness Center
212,500a8485e4b03c6eb31ba016,Sportclub München,München,48.11580106896055,11.565197852242187,4bf58dd8d48988d176941735,Gym
213,500f19e1e4b03fb3d3a07a33,Marriott Residence Inn Fitness Center,München,48.130904,11.607539,4bf58dd8d48988d176941735,Gym
214,5031109ce4b0a9acffc5ba54,Miha Bodytec Trainings Center,München,48.120856,11.547843,4bf58dd8d48988d175941735,Gym / Fitness Center
215,503e751ae4b0352c86c8a44a,Eurostars Grand Central Gym,München,48.143656,11.547806,4bf58dd8d48988d176941735,Gym
216,50509928e4b0ba92c2b9ecea,Hilton Munich City Fitness Center,München,48.12989468313561,11.592798084393475,4bf58dd8d48988d175941735,Gym / Fitness Center
217,5052384ee4b029587ee39657,Sporthalle Forellenstraße,München,48.12267277606311,11.658242666143346,4bf58dd8d48988d176941735,Gym
218,506c1603e4b089b1c807e307,UniBw Sporthalle 160,Neubiberg,48.07906206364187,11.635514501511777,4bf58dd8d48988d176941735,Gym
219,50783036e4b074740436965e,Bodystreet Großhadern,München,48.115744819201964,11.477311757615873,4bf58dd8d48988d176941735,Gym
220,507939d4f136f1019d26c99f,Circle Private Health Club,München,48.184228376908514,11.586982856693862,4bf58dd8d48988d176941735,Gym
221,50854955e4b08785ea7f7906,Sport Scheck - Studio 1,München,48.180937747577346,11.629916968786729,4bf58dd8d48988d176941735,Gym
222,50867b1ae412500c103725b4,R1 Sportsclub,München,48.17195288084161,11.585555076599121,4bf58dd8d48988d176941735,Gym
223,50a79656e4b006e1c1980f9d,Ray Sono Gym,München,48.12627574088134,11.556570597605514,4bf58dd8d48988d175941735,Gym / Fitness Center
224,50a8f8c0e4b0d042f917f510,ELEMENTS,München,48.14337431016967,11.53650361291359,4bf58dd8d48988d176941735,Gym
225,50b0819ce4b01d0e2b704077,Sporthalle Dachauer Str.,München,48.152727045238755,11.555839202050178,4bf58dd8d48988d176941735,Gym
226,50b89207e4b0ecc0ae63518a,Reebok Studio,München,48.12926453633923,11.572671034357471,4bf58dd8d48988d175941735,Gym / Fitness Center
227,50bcd74fe4b0585884c728bf,Park Health,München,48.182553539981754,11.593677953500094,4bf58dd8d48988d175941735,Gym / Fitness Center
228,50bd0bf7183f7a14e1fa11dc,Franz-Josef Meier physik. Therapie,München,48.07777788154732,11.550257205963133,4bf58dd8d48988d176941735,Gym
229,50be3b4ee4b0f84e573534d4,Fagana Mehrzweckhalle,München,48.208012287434215,11.531422734260559,4bf58dd8d48988d176941735,Gym
230,50d4abd9e4b031a8408eef1e,TÜV SÜD Sportgemeinschaft e.V.,München,48.13273546740208,11.522115927883318,4bf58dd8d48988d176941735,Gym
231,50e9b63ae4b097a7bfe7cf9a,Gym Eurostars Book Hotel,München,48.136567851008444,11.558630185854517,4bf58dd8d48988d175941735,Gym / Fitness Center
232,50eb42d4e4b0a168c20a41b4,Freizeitsport,München,48.14883399317828,11.55244199908497,4bf58dd8d48988d176941735,Gym
233,50f59db4e4b0720a5eee809f,AC Bajuwaren,München,48.12429672970902,11.665979114589302,4bf58dd8d48988d176941735,Gym
234,5102b096e4b0f3a5840c97da,GHotel Gym,München,48.153646,11.534742,4bf58dd8d48988d176941735,Gym
235,5102bef6e4b02d11c7c544a4,"Leo's Boxgym, Fitness & Sauna - Höhle Des Löwen",München,48.14323770776241,11.423505923033328,4bf58dd8d48988d176941735,Gym
236,51043804e4b04ee8a6f4a64c,Training Studio,,48.110397,11.715381,4bf58dd8d48988d176941735,Gym
237,510687cfe4b0cc5c86d41d57,Servus! Der Bayrische Fitness-Club,München,48.135394068331244,11.5185769724678,4bf58dd8d48988d176941735,Gym
238,510828b7e4b050e336d7ecbd,Life Fitness,München,48.11038262506665,11.715803063642962,4bf58dd8d48988d176941735,Gym
239,51095906e4b099e8a204cc33,Sporthalle Grundschule Bad-Soden-Straße,München,48.186657,11.581707,4bf58dd8d48988d176941735,Gym
240,51095a22e4b003eb5154cc1d,Stylight Gym,München,48.15039036308304,11.547425611031926,4bf58dd8d48988d176941735,Gym
241,511751cfe4b07fc30b830291,Sporthalle,München,48.10870428859022,11.60784627868887,4bf58dd8d48988d176941735,Gym
242,511a9d7f29a6642fbb0be03e,"Royal Private Coach (Personal Training, Yoga und Firmen Fitness)",München,48.14983906585616,11.61327838897705,4bf58dd8d48988d176941735,Gym
243,5136e653e4b0f538583c8ecf,Fitness Center By Precor,München,48.15250421530192,11.598308628436339,4bf58dd8d48988d175941735,Gym / Fitness Center
244,513e1b16e4b0e8ef93134263,Freizeitsport,München,48.145101,11.563064,4bf58dd8d48988d176941735,Gym
245,5146fd99e4b0910b6d25ae5e,Folterkammer,München,48.10326385498047,11.537379264831543,4bf58dd8d48988d175941735,Gym / Fitness Center
246,515600f245b09b48ecc544e5,CrossFit eo,München,48.140814371456734,11.62784409553123,4bf58dd8d48988d176941735,Gym
247,5175757c498e2324b47fce24,Wirecard Gym & Fitness Studio,Aschheim,48.14600260108689,11.686582936502909,4bf58dd8d48988d175941735,Gym / Fitness Center
248,517b8eb0e4b01b120d0e6488,Ballettschule Kaleidoskop,München,48.13523455449021,11.56112053013707,4bf58dd8d48988d176941735,Gym
249,517e4820e4b04f0bfbef371b,Mrs Sporty,München,48.125783,11.579373,4bf58dd8d48988d176941735,Gym
250,5182ce9f498e3f158f8a35b3,Baumhaus Workout,München,48.149375915527344,11.612842559814453,4bf58dd8d48988d176941735,Gym
251,5184d9aa498e31ce0c1e9b17,Bodystreet,München,48.11546077640328,11.477015430317065,4bf58dd8d48988d175941735,Gym / Fitness Center
252,519a1cd7498e63c609a3d15f,Ambiance Sports,München,48.15018482305785,11.464008022908484,4bf58dd8d48988d175941735,Gym / Fitness Center
253,519c5609498efbf01f8a5ac8,Sheraton Fitness,München,48.150554552434656,11.61842145798521,4bf58dd8d48988d176941735,Gym
254,51ad7e40498edf8d9d6168fe,Abs Special Class Bauch Spezial @FitnessFirst,München,48.1375,11.5573,4bf58dd8d48988d175941735,Gym / Fitness Center
255,51b56d24498e2b54bd13efed,A Gym With A View,München,48.1375,11.5573,4bf58dd8d48988d175941735,Gym / Fitness Center
256,51cab152498ee4cc403ba2b7,Flexi-Sports GmbH,München,48.161538588208046,11.587640126987012,4bf58dd8d48988d176941735,Gym
257,51d1b012498e39697a6830fc,Jansen&Harde,München,48.12867027493522,11.562173207570986,4bf58dd8d48988d176941735,Gym
258,51d9161e498ea3dab5755b69,Fitness Lounge - Maritim,München,48.13829,11.558418,4bf58dd8d48988d176941735,Gym
259,51da6486498ee58cfb9afa92,Besser Bewegen Physiotherapie,München,48.15762578167075,11.561504817671869,4bf58dd8d48988d175941735,Gym / Fitness Center
260,51e443a1498e61b6581c0b4e,Kraftwerk München,München,48.10473849939359,11.53803174147961,4bf58dd8d48988d175941735,Gym / Fitness Center
261,51e7d1aa498e08de44d84541,Traine Box,München,48.13070559678085,11.560566515955344,4bf58dd8d48988d175941735,Gym / Fitness Center
262,51e8225d498e59fb705a997b,Turnhalle (Pestalozzi-Gymnasium),München,48.12768850790883,11.583933608566825,4bf58dd8d48988d176941735,Gym
263,51eeb76d498e9f1ddc3857fd,Kaindl Athletic System (K.A.S.),München,48.128180439266046,11.513716717236397,4bf58dd8d48988d176941735,Gym
264,5201ae93498eee47e4571e2a,Fitness@Louis Hotel,München,48.136266,11.575503,4bf58dd8d48988d176941735,Gym
265,521bd67a11d25077e934a0ba,M Fitnesscenter Olympia-Schwimmhalle,München,48.174047984037436,11.551352558372994,4bf58dd8d48988d175941735,Gym / Fitness Center
266,5258ef8a11d25c88dd4a9785,Fleming's Gym München-Schwabing,München,48.16194776543626,11.585554365654462,4bf58dd8d48988d176941735,Gym
267,526cecbd498e6099fbf7d16b,Le Studio,Puchheim,48.17003818669654,11.363894013546515,4bf58dd8d48988d175941735,Gym / Fitness Center
268,5279163c498ecc6c4122cca3,FeringaFit,Unterföhring,48.17839223015415,11.635435456950079,4bf58dd8d48988d175941735,Gym / Fitness Center
269,527f6ba411d2b57de56f5c39,ELEMENTS,München,48.092355858538156,11.530494689941406,4bf58dd8d48988d176941735,Gym
270,528e22ce498e215490471234,25MINUTES Smarthouse München,München,48.12055589522325,11.60281156735679,4bf58dd8d48988d176941735,Gym
271,52b6eddd498ee38729b4a74d,Sportstudio Herrsching,Herrsching am Ammersee,48.19557571411133,11.375828742980957,4bf58dd8d48988d176941735,Gym
272,52d91f2611d29cb29333ac23,Bodystreet,München,48.13375872954259,11.542780104255556,4bf58dd8d48988d175941735,Gym / Fitness Center
273,52dfdf1f11d25252e1857da5,moments,München,48.1356814843833,11.518715803893176,4bf58dd8d48988d176941735,Gym
274,52e2b9a611d265d5aad85d8f,Zumba® Fitness,München,48.102221,11.530832,4bf58dd8d48988d176941735,Gym
275,52e4169311d255758b33e8fe,ELEMENTS,München,48.11707047097351,11.60183846012405,4bf58dd8d48988d175941735,Gym / Fitness Center
276,52e69346498e2806ad997e70,body street,München,48.099904010576616,11.53148910764771,4bf58dd8d48988d176941735,Gym
277,52ee4b85498e372b9994215d,body + soul Center Mitte,München,48.137954723504315,11.565720582356143,4bf58dd8d48988d175941735,Gym / Fitness Center
278,5304d74911d20ce3bdee1e65,iqvital,München,48.130069732666016,11.654643058776855,4bf58dd8d48988d176941735,Gym
279,532969a3498ec53e270a8ba4,therapie 54,München,48.144525,11.591934,4bf58dd8d48988d175941735,Gym / Fitness Center
280,5342b51d498e08f8686774ec,"Fitnessraum in ""Mercure"" hotel",München,48.0924005429677,11.644898467471254,4bf58dd8d48988d176941735,Gym
281,5350e7e8498e08713a391d0a,Fit-Star,München,48.10730522472092,11.599192728836101,4bf58dd8d48988d175941735,Gym / Fitness Center
282,5367df6f11d27869ed1ac48f,body + soul Center München Nord,München,48.1783696590703,11.537157440229057,4bf58dd8d48988d175941735,Gym / Fitness Center
283,537b7239498e3abab360630a,Clever Fit Mitte,München,48.14426438809337,11.558020301686614,4bf58dd8d48988d175941735,Gym / Fitness Center
284,539b00c0498e1b0751d6e157,Amplitrain,München,48.14435810257354,11.560588994447743,4bf58dd8d48988d175941735,Gym / Fitness Center
285,53ab0cdb498ea2d3a5eae63a,25 MINUTES München,München,48.1204305,11.60299408,4bf58dd8d48988d175941735,Gym / Fitness Center
286,53ada6c2498e3f6a672b6cab,McFIT,München,48.19309774714052,11.592543564574953,4bf58dd8d48988d175941735,Gym / Fitness Center
287,53b2c210498e48dc4438b5da,Physiolone,München,48.124659,11.664461,52f2ab2ebcbc57f1066b8b48,Gymnastics Gym
288,53e89b10498e1e8b6fca5c0b,Reitsport Schnauder,München,48.136653,11.613226,4bf58dd8d48988d176941735,Gym
289,53ebc5ed498ebe3ddebd5cdc,Sporthalle Elly-Heuss Realschule,München,48.112477,11.597248,4bf58dd8d48988d176941735,Gym
290,53faed87498e33ee64477056,clever fit München Aubing,München,48.15504277489067,11.414510155157116,4bf58dd8d48988d175941735,Gym / Fitness Center
291,54180bd7498e21780ce55fce,L22 Sports Concept,München,48.13384958288062,11.580840809864842,4bf58dd8d48988d175941735,Gym / Fitness Center
292,546319f3498e1f6beeb72956,Freeletics @Medienbrücke,München,48.12271695522022,11.606395840644836,4bf58dd8d48988d176941735,Gym
293,546e55ef498e4b052452e9f4,FitX,München,48.204958898393215,11.587363781789776,4bf58dd8d48988d175941735,Gym / Fitness Center
294,547888f2498ec574d6454697,"McFit ""Home of Fitness""",München,48.139721633260606,11.511079024704022,4bf58dd8d48988d175941735,Gym / Fitness Center
295,548fffd9498e13e7e9cc8daa,KRABA - Kraft- und Bewegungsakademie,München,48.09553899193414,11.52364214892594,4bf58dd8d48988d176941735,Gym
296,54941524498e427c84e7634e,Fit Team,München,48.135291710830884,11.556007862091064,4bf58dd8d48988d175941735,Gym / Fitness Center
297,54ae9e0a498e567709cbbace,bevit,München,48.161356,11.575076,4bf58dd8d48988d175941735,Gym / Fitness Center
298,54c7c53e498e1491aa8dd707,Südpark Kraftparcours,München,48.10390090942383,11.513840675354004,4bf58dd8d48988d175941735,Gym / Fitness Center
299,54d615e8498e254c1e81cd19,Body Street Giesing,München,48.114187551328236,11.57664804347727,4bf58dd8d48988d175941735,Gym / Fitness Center
300,54d74aad498e8407044ba508,Fit-Star,München,48.14367314530964,11.498780022015408,52f2ab2ebcbc57f1066b8b48,Gymnastics Gym
301,54eb57d6498e0bd4bf381e3e,EGCH | Turnhalle,München,48.143733,11.547669,4bf58dd8d48988d176941735,Gym
302,54eb7618498ee51935bd2c42,Pumpin' Pimp,München,48.10928726196289,11.598164558410645,4bf58dd8d48988d176941735,Gym
303,5503170e498e95778d915255,Magic Body EMS Training,München,48.136528,11.574939,52f2ab2ebcbc57f1066b8b48,Gymnastics Gym
304,55084594498e8da63b22333d,Muskelkater Gym,München,48.133159,11.65929,4bf58dd8d48988d176941735,Gym
305,553cc247498e111b3346bf47,Drop Me Fit,München,48.16229649362081,11.588983558743324,4bf58dd8d48988d175941735,Gym / Fitness Center
306,55490700498e8dae10df3b8a,Novotel Wellness&Spa Centre,München,48.12297,11.584778,4bf58dd8d48988d175941735,Gym / Fitness Center
307,555739bf498ede07442f78b9,CrossFit bewegt,München,48.139367,11.561007,4bf58dd8d48988d175941735,Gym / Fitness Center
308,556b2272498e690bfe38cea2,clever fit Unterföhring,München,48.17728814544318,11.634720063280025,4bf58dd8d48988d175941735,Gym / Fitness Center
309,557c2edd498e50e3e9a763c2,Städtische Sporthalle,München,48.19233322143555,11.459748268127441,4bf58dd8d48988d176941735,Gym
310,55855ed9498e6ad57ff379bd,CrossFit MUC,München,48.195011,11.463895,4bf58dd8d48988d176941735,Gym
311,55b620dd498e5ab2f65a49cb,FS Sportz and More,München,48.1526924,11.541771499999982,4bf58dd8d48988d176941735,Gym
312,55d0a4ff498e851cb143ee8e,Re:charge - Fitness Center at aloft Munich,München,48.13904,11.559048,4bf58dd8d48988d176941735,Gym
313,55e5fee3498e4a96acc80573,Home Gym,München,48.143918,11.539632,4bf58dd8d48988d175941735,Gym / Fitness Center
314,56014afe498e5572601b9daa,Christine Kupfer Physiotherapie,München,48.1296983178045,11.558700580797096,52f2ab2ebcbc57f1066b8b48,Gymnastics Gym
315,5616ad79498e42867b25c6a6,healthformance,München,48.171729872479176,11.44917963742614,4bf58dd8d48988d175941735,Gym / Fitness Center
316,562ffa8f498ec23804506087,Dreifachturnhalle Gaißacher Straße,München,48.12488874622286,11.540444396733474,4bf58dd8d48988d176941735,Gym
317,566bb2b4498e58d3acf99461,Trainingslounge Dr. Michaela Rößner,München,48.1579872,11.6167225,4bf58dd8d48988d176941735,Gym
318,567060e4498e381962bffaa6,Formkurve München,München,48.13597428181037,11.565913469311454,4bf58dd8d48988d176941735,Gym
319,568a2c3a498e434cef70bf82,body up kidsclub,München,48.116503,11.573223,4bf58dd8d48988d175941735,Gym / Fitness Center
320,569e784b498e69572a7e4481,Bezirkssportanlage Thalkirchen,München,48.106623613476806,11.546328428699594,4bf58dd8d48988d175941735,Gym / Fitness Center
321,56aa4921498e34ad0ac9e889,Fit One,München,48.18215921816289,11.530890437004985,4bf58dd8d48988d175941735,Gym / Fitness Center
322,56e1a9fc498ee04e116c9d0c,FitX,München,48.12967659766693,11.532237387873773,4bf58dd8d48988d175941735,Gym / Fitness Center
323,56fcdcdd498ea1e9de2f45cd,Google Munich Gym,München,48.143045108733325,11.540066315823251,4bf58dd8d48988d175941735,Gym / Fitness Center
324,570cde2d498ec0f71db23ed3,Comeup21,München,48.178869,11.532506,4bf58dd8d48988d176941735,Gym
325,571fd146498ee3255e2e456b,FT-Club München,München,48.181536633240746,11.532624103220877,4bf58dd8d48988d176941735,Gym
326,572e194ecd10e413c7154e63,PAYBACK Turnhalle,München,48.13342779799681,11.545299817484194,4bf58dd8d48988d175941735,Gym / Fitness Center
327,573cb26f498e439426169f23,Telegym,München,48.123229,11.546545,4bf58dd8d48988d175941735,Gym / Fitness Center
328,57482fc2498eca2facdd8c8f,Mrs. Sporty,Unterföhring,48.19664,11.648236,4bf58dd8d48988d175941735,Gym / Fitness Center
329,5756a3c7498eb346a7ca5c1b,CSM Combat Sports Munich,München,48.08851229640671,11.50412202180125,4bf58dd8d48988d175941735,Gym / Fitness Center
330,577cea4638fa7451729c9157,BodyStreet Leopoldstraße,München,48.164508,11.587129,4bf58dd8d48988d175941735,Gym / Fitness Center
331,577cf901498efd6a5866afff,BodyStreet Leopoldstrasse,München,48.164518548159315,11.586913644748629,4bf58dd8d48988d175941735,Gym / Fitness Center
332,577d6d63498eb2d9a1886b99,FIT STAR Fitnessstudio München-Sendling,München,48.095324,11.5236704,4bf58dd8d48988d175941735,Gym / Fitness Center
333,577d6eb5498ee26c2f1e1b03,FIT STAR Fitnessstudio München-Perlach,München,48.0994924699488,11.644963324069977,4bf58dd8d48988d175941735,Gym / Fitness Center
334,577d9a62cd10ab7f3a123db8,FIT STAR Fitnessstudio München-Laim,München,48.143752515996006,11.49881511926651,4bf58dd8d48988d175941735,Gym / Fitness Center
335,583f375b4f417a56aeae1baa,"Fitness & Wellness (inside Mandarin Oriental, Munich)",München,48.13725883623272,11.580872097965766,4bf58dd8d48988d175941735,Gym / Fitness Center
336,5856689e33a2455423ebfe5f,FitX Fitnessstudio,München,48.09683917161173,11.645914767287357,4bf58dd8d48988d175941735,Gym / Fitness Center
337,585af4348190793ef723365a,Personal Training Tarek Ayad,München,48.130353,11.576047,4bf58dd8d48988d175941735,Gym / Fitness Center
338,5889d26bd702824baec7ff0b,Tai Ji Quan & Qi Gong Andreas W Friedrich,München,48.13899,11.49123,4bf58dd8d48988d176941735,Gym
339,58905cedd6fe907acea72021,Innside München Parkstadt Schwabing Gym,München,48.177194,11.592955,4bf58dd8d48988d176941735,Gym
340,5890b912d6fe907ace4b484d,Boxclan Personal Training,München,48.16165217799409,11.588623523712158,4bf58dd8d48988d175941735,Gym / Fitness Center
341,58937dbd6cda1c3ed258042f,Brainlab Gym,München,48.138657,11.689602,4bf58dd8d48988d175941735,Gym / Fitness Center
342,58aab61326a4075f5fcc835b,Pullman Munich Fitness Centre,München,48.173091,11.594247,4bf58dd8d48988d175941735,Gym / Fitness Center
343,58b7b14098f8aa4b3981d3f1,Westpark Running Track,München,48.122919,11.521054,4bf58dd8d48988d176941735,Gym
344,58ca9523d25ded7692041ec5,Bodystreet München in der Au,München,48.127186,11.581967,4bf58dd8d48988d175941735,Gym / Fitness Center
345,58ceee11e03e577a14ced7ed,Friends Gym,München,48.144989,11.519703,4bf58dd8d48988d175941735,Gym / Fitness Center
346,58e2b6b537318110eba90f7a,Training by Ivera,München,48.13722853,11.6160251,4bf58dd8d48988d175941735,Gym / Fitness Center
347,58e3bac6a4367c1883329895,Body Street,Puchheim,48.175375,11.359345,4bf58dd8d48988d176941735,Gym
348,58f0d12f588e360d809e1f30,Kontur Fitness,München,48.14929,11.61567,4bf58dd8d48988d175941735,Gym / Fitness Center
349,58f0f9c00868a239e64ff8e5,ARE YOU FIT München Trudering,München,48.123590699499445,11.667547523975372,4bf58dd8d48988d175941735,Gym / Fitness Center
350,58fce0078b98fd3b7ed22280,Arcona living Gym,München,48.15196,11.537618,4bf58dd8d48988d176941735,Gym
351,590090afa879210ea711bd00,CrossFit Munich,München,48.18636421385976,11.608873912241556,4bf58dd8d48988d175941735,Gym / Fitness Center
352,59156e0703132051331c82e0,FITrate,München,48.120321,11.547512,52f2ab2ebcbc57f1066b8b48,Gymnastics Gym
353,59180e5175eee476f7aa4255,Betriebssporthalle,München,48.102116,11.650139,4bf58dd8d48988d176941735,Gym
354,591ec711eacf45502cbda3ef,Florian Schanbacher,München,48.09182717,11.5072498,4bf58dd8d48988d175941735,Gym / Fitness Center
355,592861c712f0a919d914490a,Studio Lagree,München,48.16069588589881,11.511610597372055,4bf58dd8d48988d175941735,Gym / Fitness Center
356,593d137c8c812a1b839791e1,Delastik Personal Training München,München,48.14138413370644,11.489449595106521,4bf58dd8d48988d176941735,Gym
357,594ae2489d6a195cc39761ad,motion sports,Gröbenzell,48.18659785491853,11.38732373714447,4bf58dd8d48988d175941735,Gym / Fitness Center
358,594d7d3eda70805cd9c0137b,Body Street Leonrodplatz,München,48.159711,11.542747,4bf58dd8d48988d175941735,Gym / Fitness Center
359,5991615e03132008e485d207,Munich Personal Training Lounge,München,48.14910473789611,11.556494538000615,4bf58dd8d48988d175941735,Gym / Fitness Center
360,599bfeb3f96b2c3bf7b7b927,Skyfit Women,,48.146835,11.453851,4bf58dd8d48988d175941735,Gym / Fitness Center
361,599e6c7c59fe5c691f79ddef,Prime Time Fitness,München,48.15792012661254,11.584287372264082,4bf58dd8d48988d176941735,Gym
362,59b0fd8e178a2a271deab8df,Leichtathletikhalle LAH Olympiapark,München,48.17822030575523,11.54513955116272,4bf58dd8d48988d176941735,Gym
363,59b691831acf117564672c22,Personal Trainer Dan,Neubiberg,48.08256826,11.63310701,4bf58dd8d48988d175941735,Gym / Fitness Center
364,59d654175d891b73bdddcc27,Allianz Kraftraum,München,48.104347,11.645791,4bf58dd8d48988d175941735,Gym / Fitness Center
365,59e35d4d419a9e7fccc66400,Sporthalle - FC Bayern Campus,München,48.212305747010674,11.593189287033056,4bf58dd8d48988d176941735,Gym
366,5a103e9059c4235dc16e2d72,Bodystreet München Fürstenried West,München,48.088519,11.478164,4bf58dd8d48988d175941735,Gym / Fitness Center
367,5a1c6b1269e77b4a348541b8,Fitness / gym - Arthotel Ana Im Olympiapark,München,48.181543,11.553595,4bf58dd8d48988d175941735,Gym / Fitness Center
368,5a1d4cbdf5e9d70e8cafebc6,Personal Trainer Eddy Norton,München,48.178992948929775,11.49665594100952,4bf58dd8d48988d175941735,Gym / Fitness Center
369,5a47af9a2b98442bd71b0994,HockeyHALLEluja,München,48.174926,11.550127,4bf58dd8d48988d176941735,Gym
370,5a7843c082a7506fccee1149,WellFitBalance,München,48.1219269,11.606614300000047,4bf58dd8d48988d175941735,Gym / Fitness Center
371,5a85d0902105c36bb05edecd,Steko´s Sportcenter,München,48.18808224,11.58186004,4bf58dd8d48988d175941735,Gym / Fitness Center
372,5a8fc05da92d986d0916631f,Alexander Thamm - Data.gym(),München,48.168232,11.537095,4bf58dd8d48988d175941735,Gym / Fitness Center
373,5a958c73175562330190f830,Sweat&Tears CrossFit,München,48.124356754445735,11.595470949209968,4bf58dd8d48988d176941735,Gym
374,5a9e8119bb2a477fb40608e3,Bodystreet,München,48.114328,11.533506,4bf58dd8d48988d175941735,Gym / Fitness Center
375,5aa01ee7a92d982f306058d3,Movement Fitness & Wellness Club,München,48.175055,11.524659,4bf58dd8d48988d175941735,Gym / Fitness Center
376,5ad5f104898bdc3f1e104d73,Skyfit Women München-Giesing,München,48.107749,11.598306,4bf58dd8d48988d175941735,Gym / Fitness Center
377,5ad5f11d805e3f11bee90618,Skyfit Women München-Pasing,München,48.14678,11.453724,4bf58dd8d48988d175941735,Gym / Fitness Center
378,5ad76a853b83075b2b7a0557,Fitbox,München,48.129651,11.570778,4bf58dd8d48988d176941735,Gym
379,5adf5c7e56c89f264ed026e0,Jet Bodyworkx,München,48.138817,11.550414,4bf58dd8d48988d175941735,Gym / Fitness Center
380,5ae066c05315933f8e092c9c,CrossFit Munich East,München,48.131349136099544,11.627951041463596,4bf58dd8d48988d175941735,Gym / Fitness Center
381,5af61d4367af3a002c188db2,Dalis Personal Training Club,München,48.14313863099836,11.587679386138916,4bf58dd8d48988d175941735,Gym / Fitness Center
382,5af9e6a856c89f002c75d429,Clever Fit Giesing,München,48.108426,11.604941,4bf58dd8d48988d175941735,Gym / Fitness Center
383,5b0c2ab00dd31f00242e96dd,Dein Crossfit,München,48.137281,11.540676,4bf58dd8d48988d175941735,Gym / Fitness Center
384,5b0cfbf231ac6c002cc90150,Clever Fit Berg Am Laim,München,48.129925,11.622436,4bf58dd8d48988d175941735,Gym / Fitness Center
385,5b1aabea61f070002c6ac084,Bi-Phit Personal Training,München,48.156102,11.561199,4bf58dd8d48988d175941735,Gym / Fitness Center
386,5b3b0dedf427de002c5b0c93,Krankengymnastik Füssl,München,48.111785,11.525615,52f2ab2ebcbc57f1066b8b48,Gymnastics Gym
387,5b674c7c7d84970039c361e6,Four Points Gym,München,48.13732,11.547539,4bf58dd8d48988d175941735,Gym / Fitness Center
388,5b6c12aff2554e0039de8444,Athletik Stube,München,48.13355110000001,11.5406787,4bf58dd8d48988d176941735,Gym
389,5b7164d1112c6c002cfe1d59,JoyPanda,München,48.1294627,11.5625218,4bf58dd8d48988d176941735,Gym
390,5b7bc33ba0215b002c197a8a,viva-Trainingsraum,Pullach im Isartal,48.0561489,11.514556,4bf58dd8d48988d176941735,Gym
391,5b98acfe8c812a002c30f8ad,Gladiatores München,München,48.0962989,11.5356228,4bf58dd8d48988d176941735,Gym
392,5bb3c9ef9de23b002c2457a7,FIT STAR Fitnessstudio München-Trudering,München,48.1217378,11.6623739,4bf58dd8d48988d175941735,Gym / Fitness Center
393,5bef2abe9deb7d00393b610b,Turnhalle,München,48.15879,11.442897,4bf58dd8d48988d176941735,Gym
394,5bf31b43666116002cb8e9b6,BODY STREET | München Friedensengel | EMS Training,München,48.14202200000001,11.600831101852464,4bf58dd8d48988d175941735,Gym / Fitness Center
395,5c0376c928374e002cf14ea5,wellness &spa fitness,,48.136689,11.689345,4bf58dd8d48988d175941735,Gym / Fitness Center
396,5c0fa4d3ba57b4002c2aa485,Prime Time Fitness München Viktualienmarkt,München,48.13433868916345,11.577339462324176,4bf58dd8d48988d175941735,Gym / Fitness Center
397,5c24b9d2a35f460025baedea,Studio F,München,48.16312,11.564434,4bf58dd8d48988d175941735,Gym / Fitness Center
398,5c3cd7193e6741002c52d5d6,Azimut Fitness,München,48.137316,11.648251,4bf58dd8d48988d175941735,Gym / Fitness Center
399,5c591c80dbde1100259f4485,Fitness Room at NYX Hotel Munich,,48.102445,11.529197,4bf58dd8d48988d175941735,Gym / Fitness Center
400,5c99c2b25c6838003920955d,UN1T Functional Fitness,München,48.12693468,11.607042,4bf58dd8d48988d175941735,Gym / Fitness Center
401,5ca5aa6b3092be002c1eb29d,Fitnesspoint München,,48.219322,11.560718,4bf58dd8d48988d175941735,Gym / Fitness Center
402,5ccde4618b98fd002cb69564,Your Health Coach,München,48.136709400139345,11.57410740852356,4bf58dd8d48988d175941735,Gym / Fitness Center
403,5cdaf3a079f6c7002b3bd340,Body + Soul Werk 12,München,48.12437,11.606234,4bf58dd8d48988d175941735,Gym / Fitness Center
404,5cdd2ccf464d65002b606560,Jan Klein-Zirbes,München,48.15435,11.63647,4bf58dd8d48988d175941735,Gym / Fitness Center
405,5cfc926060d11b002c1ca397,Fitx,,48.141455,11.568364,4bf58dd8d48988d175941735,Gym / Fitness Center
406,5d1c76e2d5d77a0023a32bb9,Mrs.Sporty Club München-Solln,München,48.0782827,11.5072739,4bf58dd8d48988d176941735,Gym
